{
  "cagr": NaN,
  "sharpe": 0.9585906839375875,
  "max_dd": -0.09734390525337866,
  "hit_rate": 0.5388349514563107,
  "vol_annual": 0.06541153281155433,
  "total_return": 0.9042143999986942,
  "profit_factor": 3.2732956222052474,
  "avg_win": 0.0490085621336286,
  "avg_loss": -0.021388911879673605,
  "win_rate": 0.5882352941176471,
  "n_trades": 34,
  "bootstrap_median": 0.9608525203229021,
  "bootstrap_p05": 0.4703435917671202,
  "bootstrap_p95": 1.47652769233653
}