{
  "cagr": NaN,
  "sharpe": 0.5746109196033681,
  "max_dd": -0.2741418267052942,
  "hit_rate": 0.5498466257668712,
  "vol_annual": 0.12554959459850817,
  "total_return": 2.76329565021974,
  "profit_factor": 2.765028548627475,
  "avg_win": 0.0868035103492508,
  "avg_loss": -0.03906728061307787,
  "win_rate": 0.5544554455445545,
  "n_trades": 101
}