{
  "cagr": NaN,
  "sharpe": 0.17587569601132166,
  "max_dd": -0.2852406725370471,
  "hit_rate": 0.45588235294117646,
  "vol_annual": 0.06299377557833499,
  "total_return": 0.10140889489544258,
  "profit_factor": 1.1902759021211686,
  "avg_win": 0.021474889801341233,
  "avg_loss": -0.02742375313141119,
  "win_rate": 0.6031746031746031,
  "n_trades": 63,
  "bootstrap_median": 0.1782797705915583,
  "bootstrap_p05": -0.31411849632065125,
  "bootstrap_p95": 0.6853268750029089
}